,graph,grammar,control_sum_cpu1,iterations_cpu1,time_mean_cpu1,time_min_cpu1,time_max_cpu1,mem_mean_cpu1,mem_min_cpu1,mem_max_cpu1,control_sum_cpu3,iterations_cpu3,time_mean_cpu3,time_min_cpu3,time_max_cpu3,mem_mean_cpu3,mem_min_cpu3,mem_max_cpu3
0,geospeices.txt,geo.cnf,"s: 226669749, bt: 20867, s1: 21361542, btr: 20867",7,6.629069,6.20581,7.091109,1322.070703125,-4.7734375,6799.37109375,"s: 226669749, bt: 20867, s1: 21361542, btr: 20867",7,12.3203891,12.046377,12.6442,770.986328125,-3.44140625,2665.86328125
1,directed_free_scale_net_500_1.txt,an_bm_cm_dn.txt,"S: 4, A: 120, S1: 0, D: 96, S2: 17, X: 48, B: 153, C: 131, X1: 4",4,0.0164145,0.000815,0.145697,0.0,0.0,0.0,"S: 4, A: 120, S1: 0, D: 96, S2: 17, X: 48, B: 153, C: 131, X1: 4",4,0.008599,0.004664,0.009812,0.0,0.0,0.0
2,directed_free_scale_net_500_3.txt,an_bm_cm_dn.txt,"S: 194, A: 354, S1: 22, D: 384, S2: 299, X: 641, B: 376, C: 380, X1: 563",7,0.0072857,0.005898,0.007683,0.0,0.0,0.0,"S: 194, A: 354, S1: 22, D: 384, S2: 299, X: 641, B: 376, C: 380, X1: 563",7,0.031533700000000005,0.008311,0.162035,0.0,0.0,0.0
3,directed_free_scale_net_500_5.txt,an_bm_cm_dn.txt,"S: 1884, A: 636, S1: 1251, D: 619, S2: 1951, X: 2576, B: 630, C: 604, X1: 2326",9,0.0147773,0.004018,0.018324,0.152734375,0.0,0.51171875,"S: 1884, A: 636, S1: 1251, D: 619, S2: 1951, X: 2576, B: 630, C: 604, X1: 2326",9,0.027233399999999998,0.010013,0.034806,0.0,0.0,0.0
4,directed_free_scale_net_500_10.txt,an_bm_cm_dn.txt,"S: 8793, A: 1252, S1: 7907, D: 1247, S2: 8799, X: 8935, B: 1208, C: 1234, X1: 8454",8,0.0716756,0.045362,0.164747,0.200390625,0.0,0.59765625,"S: 8793, A: 1252, S1: 7907, D: 1247, S2: 8799, X: 8935, B: 1208, C: 1234, X1: 8454",8,0.0385167,0.020433,0.041352,0.08203125,0.0,0.21875
